-- MySQL dump 10.13  Distrib 8.0.39, for Linux (x86_64)
--
-- Host: localhost    Database: mcp_db
-- ------------------------------------------------------
-- Server version	8.0.39-0ubuntu0.22.04.1

/*!40101 SET @OLD_CHARACTER_SET_CLIENT=@@CHARACTER_SET_CLIENT */;
/*!40101 SET @OLD_CHARACTER_SET_RESULTS=@@CHARACTER_SET_RESULTS */;
/*!40101 SET @OLD_COLLATION_CONNECTION=@@COLLATION_CONNECTION */;
/*!50503 SET NAMES utf8mb4 */;
/*!40103 SET @OLD_TIME_ZONE=@@TIME_ZONE */;
/*!40103 SET TIME_ZONE='+00:00' */;
/*!40014 SET @OLD_UNIQUE_CHECKS=@@UNIQUE_CHECKS, UNIQUE_CHECKS=0 */;
/*!40014 SET @OLD_FOREIGN_KEY_CHECKS=@@FOREIGN_KEY_CHECKS, FOREIGN_KEY_CHECKS=0 */;
/*!40101 SET @OLD_SQL_MODE=@@SQL_MODE, SQL_MODE='NO_AUTO_VALUE_ON_ZERO' */;
/*!40111 SET @OLD_SQL_NOTES=@@SQL_NOTES, SQL_NOTES=0 */;

--
-- Table structure for table `answers`
--

DROP TABLE IF EXISTS `answers`;
/*!40101 SET @saved_cs_client     = @@character_set_client */;
/*!50503 SET character_set_client = utf8mb4 */;
CREATE TABLE `answers` (
  `id` varchar(100) NOT NULL,
  `created_at` datetime DEFAULT NULL,
  `answer_text` varchar(256) NOT NULL,
  `is_correct` tinyint(1) NOT NULL,
  `question_id` varchar(100) NOT NULL,
  PRIMARY KEY (`id`),
  KEY `question_id` (`question_id`),
  CONSTRAINT `answers_ibfk_1` FOREIGN KEY (`question_id`) REFERENCES `questions` (`id`)
) ENGINE=InnoDB DEFAULT CHARSET=utf8mb4 COLLATE=utf8mb4_general_ci;
/*!40101 SET character_set_client = @saved_cs_client */;

--
-- Dumping data for table `answers`
--

LOCK TABLES `answers` WRITE;
/*!40000 ALTER TABLE `answers` DISABLE KEYS */;
INSERT INTO `answers` VALUES ('00f6183b-bc84-4aaf-a7b9-8d367ec0229c','2024-07-28 13:40:26','Mammito: Alienda maandamano',0,'a12b79ce-a508-45f2-bd3d-8c878ee48027'),('01ec6637-29de-4d7f-bb67-636d0d434c7e','2024-07-28 12:50:25','Chaxy',0,'71cbc115-89f9-48d1-a295-af38ef017083'),('03cd31e6-f1a5-42d5-93bc-28bddc1bbca3','2024-08-11 14:29:00','Daystar University',0,'f92ce53b-f2c3-4a5d-b092-cae3935126ce'),('048cc9f4-bee7-47d7-9f48-b83b06797b43','2024-08-11 13:22:43','Mariah',0,'877ee90d-7a75-4e21-9874-381ee7a4bafa'),('06b80bb6-38d7-43bb-bc0c-e63e13f96784','2024-07-28 10:26:38','Ringos',0,'f1e2ef08-f9f6-41a7-955a-dd98cd2e1230'),('0890a8c7-895a-46c0-9868-41a0cd51aab1','2024-07-28 11:35:40','Mouth, buy her good food.',0,'19efc324-8c78-41c9-828b-bbbba694d40a'),('0a7962dd-18fd-4acd-b5d6-76c58db68415','2024-07-28 09:45:33','Bossy',0,'df1431c8-c6ad-47a7-872e-c43a2f58f7e0'),('0ae00e8b-d813-49e4-8eca-61ea9a007c1a','2024-07-28 12:50:25','Mariah',0,'71cbc115-89f9-48d1-a295-af38ef017083'),('0ee86e19-f644-4745-9449-94642d04e792','2024-07-28 11:06:27','Mariah',0,'370b9d95-a8a7-40f7-8b7a-0d70f4c5b76b'),('0f3b1b9a-04f0-4f0b-ab31-2cccc274421f','2024-07-28 10:48:43','Sifuna invited himself',1,'2d497397-5e2d-4527-904b-e98481f6ce2b'),('1025195b-0473-4312-b356-fc517c084451','2024-07-28 11:03:54','A time keeper',0,'6aebd8a9-058b-4a64-b1c5-6c766ba43861'),('111e36be-f961-4f69-9364-ecd9f2c191c7','2024-08-04 11:21:46','Chaxy',0,'145149cd-23e9-4b59-b1a5-3a317f23a622'),('1568a878-e8db-450c-a39f-b3decfa9710e','2024-07-28 14:59:42','Before Common',0,'7a6c45df-4f94-45da-9bc2-0db4aaf8bdf0'),('1c275569-9a6a-4417-b77d-4fe78f74269f','2024-08-11 14:29:00','Moi University',1,'f92ce53b-f2c3-4a5d-b092-cae3935126ce'),('1d26e798-18aa-4cfc-b04e-a45605be8e24','2024-08-04 11:21:46','Mwass',0,'145149cd-23e9-4b59-b1a5-3a317f23a622'),('1f5fd6a1-6884-4a9e-9cc2-f001c4cddfb3','2024-08-01 07:23:06','Chaxy: \"Hizo ndege hupulizwa na upepo?\"',0,'2b60f6fa-02ce-45cf-a37d-dbc98bdffd88'),('205fa44e-a34a-485a-8613-930f24b88684','2024-08-04 12:03:54','Mwass',1,'ab57187c-1b66-436d-8483-8b9767e3474f'),('21539f92-1ca9-4344-b61e-1ed79fec8253','2024-08-01 06:21:58','Kairo',1,'7de7ec17-ef33-4d2a-b5c4-be06106bfe33'),('24af64dc-1c9e-4044-899d-094713e0777a','2024-07-24 07:38:26','Mwass',0,'c0d033a9-48a7-4cbf-9135-54fa0c7bee57'),('26675a74-7e12-4668-b946-5cd404fae3d6','2024-07-28 10:16:50','Not possible',0,'8957c00f-85bb-4983-b4c9-6d65c6a5c2dc'),('267728ee-449b-42d5-a1b3-769a279f1b32','2024-08-01 06:13:43','2',0,'761e53d9-f659-48dd-84d0-f822f4bde6bf'),('26e66442-3858-4274-b5e6-c679996f0ac5','2024-07-28 11:18:51','Obinna',1,'0b8ce9a8-3431-4b29-ba5c-7c634f54f9f6'),('2a255dde-3f60-4074-97e7-c36d6f8e7111','2024-08-01 07:09:08','Riding',0,'686233b6-3f36-4bae-94a3-8d0fe26f58b0'),('2c3fd4cc-61f7-4ed0-a1ad-a5f0cef0181a','2024-07-28 11:18:51','Mariah',0,'0b8ce9a8-3431-4b29-ba5c-7c634f54f9f6'),('31927b48-b554-4d29-8e00-8251af236b7f','2024-07-28 11:35:40','Hair, buy her good wigs.',0,'19efc324-8c78-41c9-828b-bbbba694d40a'),('3299040c-5766-45bf-a0d7-db9a9109f1cf','2024-07-28 15:02:18','Mariah',0,'4a21ece7-991f-4557-89cc-2d0fae534aab'),('3512996e-da68-4a48-9c35-309b959655b9','2024-08-11 14:22:52','Willis',0,'df5164e3-b545-4e69-83d9-3a1265c58574'),('37011e8e-e5f9-4743-a392-6d0341cc6069','2024-07-28 15:02:18','Chaxy',0,'4a21ece7-991f-4557-89cc-2d0fae534aab'),('384fd9d8-a1ee-4852-8f09-cfea19b3a4a5','2024-08-01 06:21:58','Chaxy',0,'7de7ec17-ef33-4d2a-b5c4-be06106bfe33'),('3ccee9b7-d1b7-4b45-b4aa-0748463506e7','2024-08-01 08:36:06','USA and China',0,'09207abf-520b-4640-a6ee-1c56f92638b8'),('43bce13d-af6f-44af-addf-2ae67d65b721','2024-08-01 07:36:36','True',1,'b8d5ed76-8e31-4f2b-b7f7-375ad10c16b4'),('4451ea49-5367-4eb4-8209-c58c4fcf199f','2024-08-04 11:34:43','Mwass',1,'45fd9cf9-7955-495d-897c-ef3bce836bc7'),('458c4df0-4269-40d3-824d-7beb077ee2cf','2024-08-01 06:21:58','Mariah',0,'7de7ec17-ef33-4d2a-b5c4-be06106bfe33'),('47ecaa7c-9027-4cf1-be5e-c00e30cd2324','2024-07-28 13:18:01','Mwass: Mbona uache bwana ako na mkono nono.',0,'4c283265-08c5-4f9b-ab32-f83c239f8909'),('48028d6b-e439-4ae0-a890-37cc68d9b253','2024-07-28 10:14:10','Mariah',1,'599444b1-3d62-43e0-aa82-71e677a7ae65'),('4c5bfba5-62f9-4c23-b7e0-82553f4ba584','2024-08-04 11:21:46','Obinna',1,'145149cd-23e9-4b59-b1a5-3a317f23a622'),('503fb4a6-d0dd-42a6-b6bc-08e6d67a726c','2024-08-01 06:13:43','5',1,'761e53d9-f659-48dd-84d0-f822f4bde6bf'),('53624753-cb02-411a-9d1f-2afda1ad4100','2024-07-28 13:40:26','Nobody',1,'a12b79ce-a508-45f2-bd3d-8c878ee48027'),('538131cf-2bc0-4a0e-8b4a-f647c50b7c64','2024-07-28 14:24:23','Hanging out with fellow comedians',1,'ba2d5745-351f-4f98-a963-2a59bbc3571c'),('541709c7-a6af-4cc8-a298-c9c8dfd144b1','2024-07-28 10:48:43','Chaxy',0,'2d497397-5e2d-4527-904b-e98481f6ce2b'),('58b493c8-6f14-465a-bfab-27355f7b406e','2024-07-28 11:18:51','Mwass',0,'0b8ce9a8-3431-4b29-ba5c-7c634f54f9f6'),('5c4d5893-5e20-4336-949b-8a3d09d2379a','2024-08-04 12:03:54','Obinna',0,'ab57187c-1b66-436d-8483-8b9767e3474f'),('5c717162-2ed0-4d02-baef-cf0dde184188','2024-07-28 10:14:10','Crew',0,'599444b1-3d62-43e0-aa82-71e677a7ae65'),('5cbef445-2c46-44b5-9b7d-0885ffe0c6f7','2024-07-28 13:40:26','Mwass: Mark 17:35',0,'a12b79ce-a508-45f2-bd3d-8c878ee48027'),('5d5cc4dc-ac74-402c-881c-12e199c78e1e','2024-08-11 14:11:21','9',0,'3a4dfafe-ccf5-4aa6-b259-b47951e3b005'),('5f347dd6-7f9f-405a-a8d0-619b324d1094','2024-07-28 13:18:01','Mammito: Ina evaporate coz ni spirit.',0,'4c283265-08c5-4f9b-ab32-f83c239f8909'),('6280a869-cefd-403c-a39f-226643909c9c','2024-07-28 10:16:50','Possible',1,'8957c00f-85bb-4983-b4c9-6d65c6a5c2dc'),('6375eb85-272f-4a1a-8b8e-f4bd6b06e91d','2024-08-11 13:25:46','Willis',1,'10582611-0ed9-4e9e-88ef-6e1bb2be6bb3'),('65ba919c-28c6-4f8e-a91c-f3f8d6e6f427','2024-07-24 07:38:26','Chaxy',1,'c0d033a9-48a7-4cbf-9135-54fa0c7bee57'),('66480716-3e0e-4165-b488-a1a5a44feca8','2024-08-04 11:34:43','Obinna',0,'45fd9cf9-7955-495d-897c-ef3bce836bc7'),('666e336e-d958-45eb-b661-9e0c0579a3ea','2024-08-11 14:22:52','Mwass',1,'df5164e3-b545-4e69-83d9-3a1265c58574'),('66dcad33-1bb6-4049-a525-1ad403acd370','2024-07-28 09:45:33','Chairman',0,'df1431c8-c6ad-47a7-872e-c43a2f58f7e0'),('69ae605c-b988-4465-85f6-18da7686abb1','2024-07-28 14:24:23','Rose coco',0,'ba2d5745-351f-4f98-a963-2a59bbc3571c'),('6a7d6d19-bf55-40cc-a68b-e3de6a5e4173','2024-07-24 07:38:26','Mariah',0,'c0d033a9-48a7-4cbf-9135-54fa0c7bee57'),('7055b98f-a64b-4b9d-8b2f-b19756f49601','2024-08-04 11:55:31','Chaxy',1,'5e0ae22c-2f82-494f-8fb4-76ef0c4a5f54'),('7369947c-3ae3-4ff3-b7bc-31760eec22c0','2024-08-01 08:36:06','Jesus and Christians',1,'09207abf-520b-4640-a6ee-1c56f92638b8'),('780bffdb-4d8b-408d-aa3e-c597b4ce34cf','2024-07-28 09:45:33','Baller',1,'df1431c8-c6ad-47a7-872e-c43a2f58f7e0'),('7946ac71-bad4-47fa-add5-99115b653cdd','2024-07-28 11:03:54','Loving',0,'6aebd8a9-058b-4a64-b1c5-6c766ba43861'),('7b08d2a1-4cd3-451c-a570-cb1923fc1f0d','2024-07-28 10:26:38','Quality time',1,'f1e2ef08-f9f6-41a7-955a-dd98cd2e1230'),('7b0d9c6a-3ac1-42c4-a941-88a039d36c82','2024-07-28 13:18:01','Chaxy: Changaa hufai kuwacha open inaeza evaporate iishe.',0,'4c283265-08c5-4f9b-ab32-f83c239f8909'),('7c234c0a-6604-4b3e-979d-172f299082d5','2024-07-28 11:18:51','Chaxy',0,'0b8ce9a8-3431-4b29-ba5c-7c634f54f9f6'),('7c81dc36-d178-43c7-a5b7-981b1fcfbf02','2024-08-11 13:46:59','A weight gain surgery.',0,'19a244cc-e923-4679-8ac7-9f0253a9aef6'),('7e624349-9c1a-4384-bb86-134028715be2','2024-07-28 10:26:38','Wauwau',0,'f1e2ef08-f9f6-41a7-955a-dd98cd2e1230'),('7fdc7372-bb8d-4b2a-b453-d668fc045bc5','2024-07-28 10:14:10','Obinna',0,'599444b1-3d62-43e0-aa82-71e677a7ae65'),('81a7f7ef-b615-4946-9f41-363740981494','2024-08-01 07:09:08','Reading',0,'686233b6-3f36-4bae-94a3-8d0fe26f58b0'),('82fd8525-c8b7-46e4-b281-07276a7297c0','2024-07-28 14:00:36','Mwass',0,'da46919c-050d-4790-abab-26011885737a'),('8567b479-d333-4baa-ba9d-3840b2821732','2024-08-11 13:05:18','Above 6f',1,'916ed8ac-1e6e-4fb7-b3b7-3360a66b05d4'),('885c5823-afec-44e0-b472-2b42926827da','2024-08-01 07:23:06','Kairo cutting cake on his girlfriend\'s birthday: \"Babe ama tufungue bakery\"',0,'2b60f6fa-02ce-45cf-a37d-dbc98bdffd88'),('88e0d55f-8c06-454b-904c-688bc283c6d6','2024-08-01 06:21:58','Mwass',0,'7de7ec17-ef33-4d2a-b5c4-be06106bfe33'),('8972acb7-1759-4a27-9b91-41098603748e','2024-07-28 09:50:12','MC Gogo',0,'ade2298d-545f-4125-85e9-1a8fc5f41cb9'),('8a446c9b-6d8d-4e99-a9f1-4aef8bac7cc3','2024-08-11 14:29:00','Nairobi University',0,'f92ce53b-f2c3-4a5d-b092-cae3935126ce'),('8bf33ce0-b9d2-4607-a49e-12eb5d0e3efc','2024-07-28 10:14:10','Guest',0,'599444b1-3d62-43e0-aa82-71e677a7ae65'),('8c7c68b0-ac13-4633-b333-16b40fd76437','2024-08-04 11:55:31','Mwass',0,'5e0ae22c-2f82-494f-8fb4-76ef0c4a5f54'),('8d4b0a1d-5791-4a91-96b4-e89b222635fa','2024-08-11 13:25:46','Mwass',0,'10582611-0ed9-4e9e-88ef-6e1bb2be6bb3'),('8f4b626e-7370-465f-bcbe-6eb6ed674eae','2024-08-11 14:11:21','14',0,'3a4dfafe-ccf5-4aa6-b259-b47951e3b005'),('8fc1c218-5220-4831-b242-272e97d7bcb9','2024-07-28 14:59:42','Before Christians',0,'7a6c45df-4f94-45da-9bc2-0db4aaf8bdf0'),('9092348d-919e-4e7e-bbfd-2c8d188d406d','2024-07-28 14:00:36','Chaxy',0,'da46919c-050d-4790-abab-26011885737a'),('92c9c5f8-6ad4-433d-94a6-eb33864e768d','2024-07-28 14:59:42','Before Corona',1,'7a6c45df-4f94-45da-9bc2-0db4aaf8bdf0'),('935c4253-f9c1-49a0-a6f9-4f4230134dfc','2024-07-28 10:48:43','Mwass',0,'2d497397-5e2d-4527-904b-e98481f6ce2b'),('97525473-b819-4873-b837-ddeeb6abe9ab','2024-08-11 14:11:21','10',0,'3a4dfafe-ccf5-4aa6-b259-b47951e3b005'),('9bb62ec5-22ee-4be5-ae93-70f85910297c','2024-07-28 10:16:50','Enda uoge',0,'8957c00f-85bb-4983-b4c9-6d65c6a5c2dc'),('9cd9445b-30f5-4f34-af1d-8375c088037d','2024-08-11 13:46:59','A cancer treatment procedure.',0,'19a244cc-e923-4679-8ac7-9f0253a9aef6'),('a020e852-9ad9-4652-a33b-478df979855a','2024-08-11 13:22:43','Willis',1,'877ee90d-7a75-4e21-9874-381ee7a4bafa'),('a1d65e52-34ad-46ba-8d0f-dbf85cd9f9fa','2024-07-28 11:03:54','Hard to please.',1,'6aebd8a9-058b-4a64-b1c5-6c766ba43861'),('a297c6dd-aa74-47c7-ad61-783461710e64','2024-07-28 15:02:18','Mwass',1,'4a21ece7-991f-4557-89cc-2d0fae534aab'),('a3b00d39-a73e-4a01-8b0e-8bd09b677eca','2024-07-28 11:06:27','Chaxy',0,'370b9d95-a8a7-40f7-8b7a-0d70f4c5b76b'),('a3e728a0-3009-4223-9f2e-1fb464a37790','2024-07-28 15:02:18','Mammito',0,'4a21ece7-991f-4557-89cc-2d0fae534aab'),('a4477b12-4c8d-4d45-86f2-914edc885888','2024-07-28 09:50:12','Mariah',0,'ade2298d-545f-4125-85e9-1a8fc5f41cb9'),('a9ce0366-70b9-4362-ac97-07e1b3e8d751','2024-08-04 11:34:43','Mariah',0,'45fd9cf9-7955-495d-897c-ef3bce836bc7'),('aa5bf575-0315-412f-aa8e-8f04a4471a06','2024-08-11 13:25:46','Chaxy',0,'10582611-0ed9-4e9e-88ef-6e1bb2be6bb3'),('aa74f530-2606-4f20-b7e2-02d6249fbabc','2024-07-28 14:24:23','Diani on a beach',0,'ba2d5745-351f-4f98-a963-2a59bbc3571c'),('aaad79a2-c389-4fce-8c1a-4de89a49c1a1','2024-07-28 10:48:43','Mariah',0,'2d497397-5e2d-4527-904b-e98481f6ce2b'),('afbf4d46-c1be-48be-9d72-36d0083024fe','2024-07-28 10:26:38','Tropicos',0,'f1e2ef08-f9f6-41a7-955a-dd98cd2e1230'),('b2e912a1-46e2-42e6-8bb1-413dd9520146','2024-08-11 14:11:21','13',1,'3a4dfafe-ccf5-4aa6-b259-b47951e3b005'),('b4bab6d0-2e84-4737-9942-449a3bdff855','2024-08-01 07:36:36','False',0,'b8d5ed76-8e31-4f2b-b7f7-375ad10c16b4'),('b88c7946-6b5f-49fa-91c5-b1eea65622c1','2024-07-28 13:40:26','Chaxy: John',0,'a12b79ce-a508-45f2-bd3d-8c878ee48027'),('b91dd42e-7c64-4b56-a96c-8bb24ac65d22','2024-08-04 11:21:46','Mariah',0,'145149cd-23e9-4b59-b1a5-3a317f23a622'),('b9b4df14-cabf-4e7f-bc86-75a93ec59cdd','2024-07-28 13:18:01','Mariah: Ukikunywa chang\'aa inafurisha mkono, unakua na mkono nono.',1,'4c283265-08c5-4f9b-ab32-f83c239f8909'),('b9bc3fc3-78a1-4907-9aa2-d23bb7af88ec','2024-08-01 06:13:43','3',0,'761e53d9-f659-48dd-84d0-f822f4bde6bf'),('ba67e35a-d0d9-456d-9098-2d2155f5dd86','2024-07-28 14:59:42','Before Ceaser',0,'7a6c45df-4f94-45da-9bc2-0db4aaf8bdf0'),('bb99ba88-f48e-42dd-a0be-fc5d3b8bc487','2024-08-11 13:46:59','A type of weight loss surgery.',1,'19a244cc-e923-4679-8ac7-9f0253a9aef6'),('c0bdac95-2ad1-425e-8186-fe12cdb39911','2024-07-28 14:00:36','Mammito',1,'da46919c-050d-4790-abab-26011885737a'),('c4cbc95c-21c2-4944-b9e4-f6423afb7227','2024-08-01 07:23:06','Kairo on a date: \"Babe ebu tufungue restaurant.\"',0,'2b60f6fa-02ce-45cf-a37d-dbc98bdffd88'),('c5908f3d-7ca7-466b-9990-d29751d69811','2024-08-04 12:03:54','Mariah',0,'ab57187c-1b66-436d-8483-8b9767e3474f'),('c9b3f59a-5f09-421d-99cc-9cfe58075d5d','2024-07-28 10:16:50','Jaba tupu',0,'8957c00f-85bb-4983-b4c9-6d65c6a5c2dc'),('cc74f7e0-0268-4afb-89a9-fea707b0ef12','2024-07-28 11:35:40','Body, buy her nice dresses.',0,'19efc324-8c78-41c9-828b-bbbba694d40a'),('cd48bfc2-f8a7-4fab-9260-8df3a65b0115','2024-07-28 11:35:40','Legs, buy her good shoes.',1,'19efc324-8c78-41c9-828b-bbbba694d40a'),('cdda2911-6808-4609-a6a5-86c89d076944','2024-08-01 07:09:08','Travelling',0,'686233b6-3f36-4bae-94a3-8d0fe26f58b0'),('cf30828d-6ea6-4436-b4de-f89c8763069c','2024-08-11 13:46:59','An ulcer treatment surgery',0,'19a244cc-e923-4679-8ac7-9f0253a9aef6'),('d156f25d-507d-4877-ac30-47a0f71857e4','2024-08-11 13:22:43','Mwass',0,'877ee90d-7a75-4e21-9874-381ee7a4bafa'),('d19d45a9-8219-4178-bdd3-623065d478eb','2024-08-11 13:22:43','Chaxy',0,'877ee90d-7a75-4e21-9874-381ee7a4bafa'),('d2b14450-942e-4b8d-ae49-b8d67ead0fef','2024-08-04 11:34:43','Chaxy',0,'45fd9cf9-7955-495d-897c-ef3bce836bc7'),('d637272c-48b1-4bfe-9832-9c1c1913ec2f','2024-08-01 07:09:08','Working',1,'686233b6-3f36-4bae-94a3-8d0fe26f58b0'),('dc5fb5cd-bbd5-47ba-89f5-7c8cb207898b','2024-07-28 11:06:27','Crew member',0,'370b9d95-a8a7-40f7-8b7a-0d70f4c5b76b'),('e381d62d-47bb-4514-9070-b502189c1805','2024-07-24 07:38:26','Gee',0,'c0d033a9-48a7-4cbf-9135-54fa0c7bee57'),('e5f88be9-75c9-4f9f-b6d2-46a34f90dcbd','2024-08-11 14:29:00','Kenyatta University',0,'f92ce53b-f2c3-4a5d-b092-cae3935126ce'),('ec7f5a78-5482-46cd-ac3d-7f4a6b75d2d8','2024-08-01 06:13:43','4',0,'761e53d9-f659-48dd-84d0-f822f4bde6bf'),('ee3b8198-4fd2-4e74-8b29-f94607292886','2024-07-28 09:45:33','Mkuu',0,'df1431c8-c6ad-47a7-872e-c43a2f58f7e0'),('f096ccb4-81dc-4cc4-9d7d-1109c8b4862e','2024-07-28 12:50:25','Mammito',1,'71cbc115-89f9-48d1-a295-af38ef017083'),('f0f3749c-b978-40e1-85d1-366cc96b9e4a','2024-07-28 12:50:25','Mwass',0,'71cbc115-89f9-48d1-a295-af38ef017083'),('f11c8b54-246e-43dd-8b94-aec83e1e2936','2024-07-28 09:50:12','Chaxy',0,'ade2298d-545f-4125-85e9-1a8fc5f41cb9'),('f1ac5cbb-b28b-4aba-8568-2e77c690ac5f','2024-08-04 11:55:31','Obinna',0,'5e0ae22c-2f82-494f-8fb4-76ef0c4a5f54'),('f4a213e4-12c4-45db-b2c2-a6ec08560e13','2024-08-04 12:03:54','Chaxy',0,'ab57187c-1b66-436d-8483-8b9767e3474f'),('f4ab8f6d-bd28-42a3-8de3-37e634a5d84a','2024-08-11 13:25:46','Mariah',0,'10582611-0ed9-4e9e-88ef-6e1bb2be6bb3'),('f4c85246-2bbe-4ebd-bee9-9eb76ba9b70c','2024-07-28 14:24:23','Karen',0,'ba2d5745-351f-4f98-a963-2a59bbc3571c'),('f8643cf1-8cee-4981-a618-280a0adb37d5','2024-08-11 13:05:18','Below 6f',0,'916ed8ac-1e6e-4fb7-b3b7-3360a66b05d4'),('f871d4eb-f1a1-438d-b08b-a05b3533ff8d','2024-08-01 07:23:06','Mwass:\"Wait, mnapiga sherehe na pilot wenye? Zii ahydrate tu...\" ',1,'2b60f6fa-02ce-45cf-a37d-dbc98bdffd88'),('f9d12951-66d5-4266-9b69-2bfd7f45a29d','2024-07-28 14:00:36','Mariah',0,'da46919c-050d-4790-abab-26011885737a'),('faa30f6d-4b2d-48be-a1e5-d8141f2dfded','2024-07-28 11:06:27','Mwass',1,'370b9d95-a8a7-40f7-8b7a-0d70f4c5b76b'),('fd0d62bf-7c21-48d2-8bb4-2febe9b00728','2024-07-28 09:50:12','Mwass',1,'ade2298d-545f-4125-85e9-1a8fc5f41cb9'),('fdd2f9e7-7dcd-44f7-a9ce-0cfa0c2e2227','2024-08-04 11:55:31','Mariah',0,'5e0ae22c-2f82-494f-8fb4-76ef0c4a5f54'),('febde25e-5bb1-493c-9038-01ec62390ba1','2024-07-28 11:03:54','Most annoying.',0,'6aebd8a9-058b-4a64-b1c5-6c766ba43861');
/*!40000 ALTER TABLE `answers` ENABLE KEYS */;
UNLOCK TABLES;

--
-- Table structure for table `categories`
--

DROP TABLE IF EXISTS `categories`;
/*!40101 SET @saved_cs_client     = @@character_set_client */;
/*!50503 SET character_set_client = utf8mb4 */;
CREATE TABLE `categories` (
  `id` varchar(100) NOT NULL,
  `category_name` varchar(256) NOT NULL,
  `created_at` timestamp NULL DEFAULT CURRENT_TIMESTAMP,
  PRIMARY KEY (`id`)
) ENGINE=InnoDB DEFAULT CHARSET=utf8mb4 COLLATE=utf8mb4_general_ci;
/*!40101 SET character_set_client = @saved_cs_client */;

--
-- Dumping data for table `categories`
--

LOCK TABLES `categories` WRITE;
/*!40000 ALTER TABLE `categories` DISABLE KEYS */;
INSERT INTO `categories` VALUES ('1','twitter_check','2024-07-11 08:31:12'),('2','banter','2024-07-11 08:31:12'),('3','personality','2024-07-11 08:31:12'),('4','wisdom_pot','2024-07-11 08:31:12'),('5','Quick facts','2024-07-19 08:31:12');
/*!40000 ALTER TABLE `categories` ENABLE KEYS */;
UNLOCK TABLES;

--
-- Table structure for table `episodes`
--

DROP TABLE IF EXISTS `episodes`;
/*!40101 SET @saved_cs_client     = @@character_set_client */;
/*!50503 SET character_set_client = utf8mb4 */;
CREATE TABLE `episodes` (
  `id` varchar(100) NOT NULL,
  `created_at` datetime DEFAULT NULL,
  `title` varchar(64) NOT NULL,
  `episode_no` int DEFAULT NULL,
  `featured_guest` varchar(100) DEFAULT NULL,
  PRIMARY KEY (`id`),
  UNIQUE KEY `name` (`title`)
) ENGINE=InnoDB DEFAULT CHARSET=utf8mb4 COLLATE=utf8mb4_general_ci;
/*!40101 SET character_set_client = @saved_cs_client */;

--
-- Dumping data for table `episodes`
--

LOCK TABLES `episodes` WRITE;
/*!40000 ALTER TABLE `episodes` DISABLE KEYS */;
INSERT INTO `episodes` VALUES ('13d220f9-91b3-4bc1-b380-e57a751ed5f9','2024-08-04 11:18:00','Daughters of Jezebel',184,'Obinna'),('1d756ecc-34d0-4422-95d0-46d6c82da13d','2024-07-23 21:58:12','Are you packing',1,''),('261dd961-bf32-43f0-9417-fef92aabf5e8','2024-07-28 10:09:57','Mariah on Obinna TV',0,''),('3a5812c3-46df-49b0-8c60-b277a4c5425f','2024-08-01 06:10:55','Kairo\'s Kanairo',183,'Khalif Kairo'),('56f00e17-948f-4bbc-b0d7-98b72bba4046','2024-07-28 12:44:21','Spaghetti boloyeng',90,'Mammito Eunice'),('6a9bf2d7-b0ab-444e-a5e5-ee6142cf0044','2024-07-28 09:36:46','Wapi kelele za mwendazake',182,'MC Gogo'),('6ebced02-8d92-4a51-8b0a-7a8d1875d368','2024-08-09 11:26:25','Peremende',185,''),('95590695-aad1-49f3-8859-2d908bf10f7a','2024-08-11 12:59:58','Where is my eeeh mungu',186,'Wilis Raburu');
/*!40000 ALTER TABLE `episodes` ENABLE KEYS */;
UNLOCK TABLES;

--
-- Table structure for table `questions`
--

DROP TABLE IF EXISTS `questions`;
/*!40101 SET @saved_cs_client     = @@character_set_client */;
/*!50503 SET character_set_client = utf8mb4 */;
CREATE TABLE `questions` (
  `id` varchar(100) NOT NULL,
  `created_at` datetime DEFAULT NULL,
  `question_text` varchar(256) NOT NULL,
  `episode_id` varchar(100) DEFAULT NULL,
  `category_id` varchar(100) DEFAULT NULL,
  PRIMARY KEY (`id`),
  KEY `episode_id` (`episode_id`),
  KEY `fk_category` (`category_id`),
  CONSTRAINT `fk_category` FOREIGN KEY (`category_id`) REFERENCES `categories` (`id`),
  CONSTRAINT `questions_ibfk_1` FOREIGN KEY (`episode_id`) REFERENCES `episodes` (`id`)
) ENGINE=InnoDB DEFAULT CHARSET=utf8mb4 COLLATE=utf8mb4_general_ci;
/*!40101 SET character_set_client = @saved_cs_client */;

--
-- Dumping data for table `questions`
--

LOCK TABLES `questions` WRITE;
/*!40000 ALTER TABLE `questions` DISABLE KEYS */;
INSERT INTO `questions` VALUES ('09207abf-520b-4640-a6ee-1c56f92638b8','2024-08-01 08:36:06','According to Chaxy, which is the most toxic relationship in history?','3a5812c3-46df-49b0-8c60-b277a4c5425f','2'),('0b8ce9a8-3431-4b29-ba5c-7c634f54f9f6','2024-07-28 11:18:51','Who said: If I\'m not who you say I am, why should I let it bother me.','261dd961-bf32-43f0-9417-fef92aabf5e8','4'),('10582611-0ed9-4e9e-88ef-6e1bb2be6bb3','2024-08-11 13:25:46','Like my dad, I was a preacher in my early years. Who am I?','95590695-aad1-49f3-8859-2d908bf10f7a','5'),('145149cd-23e9-4b59-b1a5-3a317f23a622','2024-08-04 11:21:46','Who said: You know, I have partial blindness, if you do not have nyash I cant see you.','13d220f9-91b3-4bc1-b380-e57a751ed5f9','2'),('19a244cc-e923-4679-8ac7-9f0253a9aef6','2024-08-11 13:46:59','What is gastric bypass?','95590695-aad1-49f3-8859-2d908bf10f7a','5'),('19efc324-8c78-41c9-828b-bbbba694d40a','2024-07-28 11:35:40','Obinna: The way to a woman\'s heart is through her?','261dd961-bf32-43f0-9417-fef92aabf5e8','2'),('2b60f6fa-02ce-45cf-a37d-dbc98bdffd88','2024-08-01 07:23:06','Who never said...','3a5812c3-46df-49b0-8c60-b277a4c5425f','2'),('2d497397-5e2d-4527-904b-e98481f6ce2b','2024-07-28 10:48:43','Who invited Sifuna on MCP?','261dd961-bf32-43f0-9417-fef92aabf5e8','5'),('370b9d95-a8a7-40f7-8b7a-0d70f4c5b76b','2024-07-28 11:06:27','Who came up with the name MCP?','261dd961-bf32-43f0-9417-fef92aabf5e8','3'),('3a4dfafe-ccf5-4aa6-b259-b47951e3b005','2024-08-11 14:11:21','How many years did Willis stay at RMS','95590695-aad1-49f3-8859-2d908bf10f7a','5'),('45fd9cf9-7955-495d-897c-ef3bce836bc7','2024-08-04 11:34:43','Who said: Luos taking dating shortcut, here is some money, go eat then I\'ll come eat.','13d220f9-91b3-4bc1-b380-e57a751ed5f9','2'),('4a21ece7-991f-4557-89cc-2d0fae534aab','2024-07-28 15:02:18','Who said: Wamama wanakulambishanga glucose halafu wanakuambia ndo tumeanza.','56f00e17-948f-4bbc-b0d7-98b72bba4046','2'),('4c283265-08c5-4f9b-ab32-f83c239f8909','2024-07-28 13:18:01','Who never said...','56f00e17-948f-4bbc-b0d7-98b72bba4046','2'),('599444b1-3d62-43e0-aa82-71e677a7ae65','2024-07-28 10:14:10','Is it \'Mariah\' or \'Mariah\' coz Mariah out here is being called all sorts of names...','261dd961-bf32-43f0-9417-fef92aabf5e8','2'),('5e0ae22c-2f82-494f-8fb4-76ef0c4a5f54','2024-08-04 11:55:31','Who said: If you are getting married because you love someone then that\'s a wrong reason for getting married...','13d220f9-91b3-4bc1-b380-e57a751ed5f9','4'),('686233b6-3f36-4bae-94a3-8d0fe26f58b0','2024-08-01 07:09:08','Kairo: A true businessman is always...?','3a5812c3-46df-49b0-8c60-b277a4c5425f','4'),('6aebd8a9-058b-4a64-b1c5-6c766ba43861','2024-07-28 11:03:54','Mariah thinks they call her auntie because she is?','261dd961-bf32-43f0-9417-fef92aabf5e8','5'),('71cbc115-89f9-48d1-a295-af38ef017083','2024-07-28 12:50:25','Who said: Hatuwezi return love na tu return taxes','56f00e17-948f-4bbc-b0d7-98b72bba4046','2'),('761e53d9-f659-48dd-84d0-f822f4bde6bf','2024-08-01 06:13:43','How many rings does the olympic symbol have?','3a5812c3-46df-49b0-8c60-b277a4c5425f','5'),('7a6c45df-4f94-45da-9bc2-0db4aaf8bdf0','2024-07-28 14:59:42','What does the initials BC stand for?','56f00e17-948f-4bbc-b0d7-98b72bba4046','2'),('7de7ec17-ef33-4d2a-b5c4-be06106bfe33','2024-08-01 06:21:58','Who said: The biggest tragedy in life is living to impress other people.','3a5812c3-46df-49b0-8c60-b277a4c5425f','4'),('877ee90d-7a75-4e21-9874-381ee7a4bafa','2024-08-11 13:22:43','Who said: When I was going to campus my dad told me if you have sex you\'ll die, then I had sex and realized I was immortal.','95590695-aad1-49f3-8859-2d908bf10f7a','2'),('8957c00f-85bb-4983-b4c9-6d65c6a5c2dc','2024-07-28 10:16:50','Mariah: I\'m dating but I\'m not in a relationship.','261dd961-bf32-43f0-9417-fef92aabf5e8','4'),('916ed8ac-1e6e-4fb7-b3b7-3360a66b05d4','2024-08-11 13:05:18','How tall is Willis Raburu?','95590695-aad1-49f3-8859-2d908bf10f7a','3'),('a12b79ce-a508-45f2-bd3d-8c878ee48027','2024-07-28 13:40:26','Who got it right: Which verse in the bible says \"Jesus Wept\"?','56f00e17-948f-4bbc-b0d7-98b72bba4046','2'),('ab57187c-1b66-436d-8483-8b9767e3474f','2024-08-04 12:03:54','Who said: Pillow talk kwa Boniface Mwangi ni maandamano?','13d220f9-91b3-4bc1-b380-e57a751ed5f9','2'),('ade2298d-545f-4125-85e9-1a8fc5f41cb9','2024-07-28 09:50:12','Who said: Unaingia mtaani na ice cream watu wanakuambia uliomoka.','6a9bf2d7-b0ab-444e-a5e5-ee6142cf0044','2'),('b8d5ed76-8e31-4f2b-b7f7-375ad10c16b4','2024-08-01 07:36:36','Kairo: You can\'t become a bilionaire without using other people\'s money, deni ni lazima.','3a5812c3-46df-49b0-8c60-b277a4c5425f','4'),('ba2d5745-351f-4f98-a963-2a59bbc3571c','2024-07-28 14:24:23','What\'s Mammito\'s happy place?','56f00e17-948f-4bbc-b0d7-98b72bba4046','3'),('c0d033a9-48a7-4cbf-9135-54fa0c7bee57','2024-07-24 07:38:26','Who asked the legendary question \'are you packing?\'','1d756ecc-34d0-4422-95d0-46d6c82da13d','3'),('da46919c-050d-4790-abab-26011885737a','2024-07-28 14:00:36','Who said: Ukiproposia dem wa ghetto ukipiga magoti mnaenda chini wote ju hajui ngori ni gani bro. It\'s not safe.','56f00e17-948f-4bbc-b0d7-98b72bba4046','2'),('df1431c8-c6ad-47a7-872e-c43a2f58f7e0','2024-07-28 09:45:33','Mwass: Wee mia sita ukipata unanunua quarter, mimi nikienda bowling unaniita?','6a9bf2d7-b0ab-444e-a5e5-ee6142cf0044','2'),('df5164e3-b545-4e69-83d9-3a1265c58574','2024-08-11 14:22:52','Who said: Never take it for granted the fact that you get a platform anywhere to say your name.','95590695-aad1-49f3-8859-2d908bf10f7a','4'),('f1e2ef08-f9f6-41a7-955a-dd98cd2e1230','2024-07-28 10:26:38','What is Mariah\'s love language?','261dd961-bf32-43f0-9417-fef92aabf5e8','3'),('f92ce53b-f2c3-4a5d-b092-cae3935126ce','2024-08-11 14:29:00','What is Raburu\'s alma mater?','95590695-aad1-49f3-8859-2d908bf10f7a','5');
/*!40000 ALTER TABLE `questions` ENABLE KEYS */;
UNLOCK TABLES;

--
-- Table structure for table `users`
--

DROP TABLE IF EXISTS `users`;
/*!40101 SET @saved_cs_client     = @@character_set_client */;
/*!50503 SET character_set_client = utf8mb4 */;
CREATE TABLE `users` (
  `id` varchar(100) NOT NULL,
  `created_at` datetime DEFAULT NULL,
  `username` varchar(100) NOT NULL,
  `password` varchar(500) NOT NULL,
  `role` enum('admin','member') NOT NULL,
  `score` int NOT NULL,
  PRIMARY KEY (`id`),
  UNIQUE KEY `username` (`username`)
) ENGINE=InnoDB DEFAULT CHARSET=utf8mb4 COLLATE=utf8mb4_general_ci;
/*!40101 SET character_set_client = @saved_cs_client */;

--
-- Dumping data for table `users`
--

LOCK TABLES `users` WRITE;
/*!40000 ALTER TABLE `users` DISABLE KEYS */;
INSERT INTO `users` VALUES ('031d0c40-568e-4e82-856c-bcf6d6267dc2','2024-08-12 08:23:06','user_80dayscs','scrypt:32768:8:1$RWA7pLKjbNNT47pI$707a133b7cc57f2e410f3ff9ea3de4145172cbb16996d2c6829bfa4fb9874be3a5a6a2637315908d2028dce7e9e216b68c17a1f031ce97bc2062ba12a10aafd8','member',0),('04367dcf-a322-4652-8f74-28d3837635fe','2024-08-12 08:22:58','user_m57dpyqi','scrypt:32768:8:1$zwUZCH1o4DSvpJfv$e3567587dd9a250a1c69f3b7409baa9fdf5c363aaab9459539e443c942a45d1396c0f11ba3cab5de4559adb7f4615bc4a7f41c5a0700fadd246bb49d8e615206','member',0),('082de938-dc6c-47eb-8ef5-3131c763425b','2024-08-12 08:23:08','user_ndrkxmry','scrypt:32768:8:1$zKr3t9tn8hc1L39o$7e56dc24312c59146b6a08848cce3e309db98a2e822c6a48ca8cb5dee59d8ee682ef49f38cc10d6b1708b1e70a9b12e1a3f70db0b5b708fcdac45719b02743cf','member',0),('0aab5d30-d635-400c-bcd9-2c11f9ef2ef0','2024-08-12 08:23:05','user_5a4qwtv6','scrypt:32768:8:1$ZLjdOwW9WAp7FmAa$9be60dfb900efa17d5e143d5306776aa4deb96e58077f0e95513102374b5a81f02e0d5522aea422c2fb77a038db7cc6c80286edf7ec9b3a848bf438338971eb0','member',0),('0c172f73-d4a0-45d0-b86d-7f758827d038','2024-08-12 08:22:57','user_ienoflc4','scrypt:32768:8:1$FrhS9ERsa58BlmZi$6ec8946dd63d255400ea34edae5d2fc1a15fdd4f54eb88e2d8d4b27d01b9b1ccbb1f0125b9a95703184624cf0b41d1e5ca319208b9c5bfcdd45ae4dce8c553fc','member',0),('0cbc1aa5-d5c5-4123-8ea7-8391aebba6a7','2024-08-12 08:22:57','user_7gj9rktx','scrypt:32768:8:1$9bLQTYC3XCo2fSI3$ae2225872145b23c4cc21a23361e758f9ef184c44b1e8b2a8b4b99c1b6180414665a059f6a7129bef62940a72e425fa7fbcf2c31f42613c960e704b96299b57d','member',0),('0d37ffd0-bd82-4b88-bf2f-7c682bd7644e','2024-07-26 19:21:21','Repha','scrypt:32768:8:1$2ld9EjOizTvUgmuo$1e27e1da0bea2ea25d1b7d9929b07ec0d3c2c1222303093a33f14e372f3bdbfb0b3c554cc3cc922104f925b62ca0d7c90d4e2b8401f88b68fbe5bdbb4b791bf7','member',0),('0da3fc24-b1ba-452f-9d51-756b721fc412','2024-08-12 08:23:03','user_d1p90xh5','scrypt:32768:8:1$N50Lv42IKfHZFw2O$0d414cdadcba88c63a0d6faa7d0127c3c21671b40c7a6655881433ac65df7cadfc00f5c2708efda7c7795e796ece577c5be6b376db8f3ce12eab8cff88ca53fc','member',0),('11f54787-4848-42aa-9783-0860aab57c3d','2024-08-12 08:23:10','user_8fxntj6b','scrypt:32768:8:1$6cHzpeRcGYeEzMaN$fdc96136a38bbb7309c272ca8eb7ad0e143078081fb53b2dd82a109c6305ec783f0eef449a86691d74e6d1a53e0af3045cb5cbe9bd6b086954319920eb1b7040','member',0),('15907d92-d6bf-4cff-a4f1-abf7f754414b','2024-08-12 08:22:56','user_w1ajtutd','scrypt:32768:8:1$FWqeRcUHECZw0Su0$ac45fdb54e5356056ba3b2f153f98a54e569fd7d1659d71755d5d02202705704e0771c537fe5b04cb9b3ebe1d5b183c85e38504dfcb1816a20ffcdf5cb7b4be5','member',0),('1728b5f9-ca47-474f-bbaf-28237ebe3518','2024-08-12 08:23:00','user_ffngb2ll','scrypt:32768:8:1$aqZt7JB90BIfKj0q$e3b969a53e96256c470d1079783e42c81441f55e1b5fdb1c38fd316413e1ffa273c0266351219fa4299a16e5e4959f1049719a122d81493522cb65ec1bed22a2','member',0),('1d4a7ffe-c237-4127-bbee-43c2d7cc56d1','2024-08-12 08:22:59','user_ubxl5dyk','scrypt:32768:8:1$02bJGuEtEzRAIwPl$766c33e46af0f47d67faa25a7b2d972dddb19bdfc060933d5650e30d853c91dfa38013328150dca06908b42a9e3e7cb720bce4a08a980c245ed70fece4df87ee','member',0),('1da95ddf-716a-4efd-a769-3ffad5e9772d','2024-08-13 14:39:34','user_x4dj9jrv','scrypt:32768:8:1$CCNLm9iSzxIl2OrA$f4b09b15e1cbb10ce9f7d859e1d1e3ac1bf5023c351388fc5e8a3145797cb0bd68d91c83fd4614bc947db07fb8bcaa3b669bade6dcbf2d487bf03eee77bde383','member',0),('1ed2b1e8-51de-4f7d-b411-ae74070b81b8','2024-08-12 08:23:02','user_7eskwt3x','scrypt:32768:8:1$le3AUXJyDFfPK2ET$d8fe8348656703a8660f4554a44a6db9307a3a451e284a7a0159dbed2141cc9a928ee734addeddcc9e56b41791c9193e36167b488cb2a3fdebdd0524d06d72be','member',0),('22766cfd-59f4-47f6-919b-bacdc4c003f4','2024-08-12 08:23:10','user_yt9721na','scrypt:32768:8:1$hbb73EOLaNlwoUhC$881caf4d6731c31b3a048de79af9f3f2bf08780f2cbf4decc14690fa8a49e1991d57fd29e632500ff5196b1f359b393584c402e1a21c3176908c0014c88172ad','member',0),('25336e6e-3975-492e-b6ae-81cb4318b73a','2024-08-12 08:23:02','user_rqiwdcnu','scrypt:32768:8:1$d8VPaCCf3GVbEeHY$cbc2446652289e148604ac21fb3713ed38ae4d34412e264f1ba5351735a86511ecc6a3bd6323c8173385fef74050d4c0046a1f77e3d528d933f58b2f1fec20ce','member',0),('25b0fcb6-0ef6-4a81-9ab1-561e7e4c4ea5','2024-08-12 08:23:00','user_2sb4j6rc','scrypt:32768:8:1$yrqizuVbYHyNdTgG$4a88b23848ec7e08bffa7e02574bf494adcfe8ee68fdb93be6b85a29bc34fe85ecf567c1a909105f95a9ff11b8a996cf84da70dac37c90a97918478e84cb4790','member',0),('2e2b00c0-5eb1-4ef6-ae56-620e48f01635','2024-08-12 08:22:54','user_cvz0fx60','scrypt:32768:8:1$M7W6TDDkbHYrCzkk$b9b278e9b768cc955b09dc6049ae940673d3cb3687815613b3e3f7bb1f6691aa43d8ea2b1836c93588b7360068867c2dbbe49912d85f350bab1fc48258c7c01b','member',0),('32186dc2-042d-460c-937a-401241973b1f','2024-07-17 04:07:38','phill','scrypt:32768:8:1$uK1aovhoAzm4dtKV$db8046c2970a2cc2fa34786d41cf8bf6c12a012642585e408665dc81af8a85ebf515020418a32bd6334807e2d597f290bb0d7a22733a01588c0da80989e94bf2','member',0),('324462b0-959a-426e-a837-6ad9440f1735','2024-08-12 08:23:01','user_3eg8s1ob','scrypt:32768:8:1$nVOfz0VzATEiKSb0$d87044deccc09bfb2e75eec46b0b633307235ca6d2a1d8b8c583bb0043f0f0c46c80752c5e6549a69dfaee9d53a9bed6f01c4500277d3b1dad951e4823ea90eb','member',0),('34392aa6-110e-4e88-b9d0-736c8f709bb9','2024-08-12 08:23:03','user_vc6rbtxn','scrypt:32768:8:1$YktsVFeWaLCuPldD$5f205631124bd8dbff800721f062bb87759bc69c498ab438f7e2fe2803f627cc563d2b65c43642022dd12389e15f22ee60f7a91e3239e13432296ee8b2a4708b','member',0),('3542fd7b-428a-4ee4-b23e-5c965d91527b','2024-08-12 08:41:51','helloDev','scrypt:32768:8:1$LcY940SBqqx6yWwB$5efa157b0469e741f7d9c36f896d63f4d55e51d19558d0ed60c4fc732f6a768f8d8c1664ededcceb01566e6c6d97d66405b54a5c0fff26f245c31caa2c51469f','member',17),('36eff7e5-0c78-46dc-8767-830186d036a7','2024-08-12 08:22:51','user_y55nmpxu','scrypt:32768:8:1$C95wo7EiWIXp2UEY$f3d16e3505a11110caea36a73c07107f01d6c4733a2401ff7a7352ad415f94d58274fe7f6710ea5985e6589f325297c4f5096719e82257b3ad7a9dfcafc7b844','member',0),('389bae1d-7143-4d02-818e-a28b84d219a5','2024-08-12 08:23:10','user_g2j9trtd','scrypt:32768:8:1$nU5Bqg5YcBSuRcLn$ef62abc0b3ba49ef08e9ec952c04ed1b1f9c63f57ec1bbf8df099b33febb432289f72cb150f0c8ff375069bc87c1f012ec0e15cebd8b4dfa81cc6202e7ad787e','member',0),('38b8255c-076e-4d0a-9da5-8d8d7338e8bb','2024-08-12 08:22:56','user_hl658lo0','scrypt:32768:8:1$MDbHQJ7rixGYIkIj$37591fda9cf59bb5f3c6b72f3e80c9c4fc10f2b45e756fc36752b2d79aeaebe1c82a7327b4d85e8fced64ca135b00fd48113b458c2c4a1961d63143cbdd8de4e','member',0),('3a3f838e-0a89-49ff-b2c5-7ed551c6b06f','2024-08-12 08:23:04','user_vyyte4m2','scrypt:32768:8:1$X5A3bHkLshUebIDt$533ed218c7e6ab1ceabe5670a8ee2771acb154711ff0aad5543185f6b27e553c86b52e97cee36a7cba7d71bfef5a391925bb54d9ee5bc7c43d24a98904a975da','member',0),('3bba9d99-5462-4bc0-9ce0-4a4b111bbc87','2024-08-12 08:23:07','user_zkhd2pew','scrypt:32768:8:1$fNpGNO2F37O7YC9O$d74c6aa4dca4bfe5e595dd12e7bec62518e7fe292b39ce926921016adaddd8d0083a42a45b5849892346bff55d7d7a6694dc46794d1cec14449ecbe8b0aff976','member',0),('3c73a441-5390-4cd3-8911-224f799d8269','2024-08-12 08:22:58','user_7ha7y2s0','scrypt:32768:8:1$ZvspmhRL8ZMwqxeD$83b264bf3c75d617c4611957828d3ac3d801dc88392beacbb3189fc318852ed5188e879a3104284d4b187868cdbaa8d2594cd53584527265e56d9a1ea93ff837','member',0),('3d1a06a5-7deb-4568-a6a2-324c4fa7243c','2024-08-12 08:22:58','user_m4q83z6k','scrypt:32768:8:1$iwcWIbqSOvSKV2P9$3ed30985e1bc09f0e75af2ac990f5ca04d44e29820faddf6f795fda35faaa29ef25c038fe29a9ed97178809920cd53c7f774e6707e255a53fd5d0fdc30ead40b','member',0),('3d1f950a-e0cb-41b6-a951-36d6d84e981a','2024-08-12 13:11:02','user_gb0ns08o','scrypt:32768:8:1$Bl1feRERRSpR6wsC$b565c1700d02d873636b6b19139686ccfd32adc480f0f632516bfa6f13749419fbf249f60b9cc4880f1f9aea1383123e4993a2c9dcdd2913c4012d8ee964ef4c','member',0),('3d880544-9145-4630-b362-d66cf8980fac','2024-08-12 08:23:05','user_mttau45f','scrypt:32768:8:1$1uO8SyPYSOX5hvxS$70914bf35816f1a834535aa23a60408c7884ae05a9690fedbef539b8a1a737f7d000e708d82617db65205b3eed28067c6ca88e739db18e70861d2f58a29c3b62','member',0),('3fd862bd-dd8a-47fb-8eca-db937e71ded1','2024-08-12 08:23:01','user_latpecii','scrypt:32768:8:1$pytLeor2BPuUNBEU$22bb3bbb457b61359a98d6138a0bae81112ab44e50f663f0a7cae995f2276a86f6a4c5afe10f08d92a250aef4951dce86b3907baaa15da6c85163958540e6a4e','member',0),('45018d72-29af-4235-991c-56689df8c2a9','2024-08-12 08:23:06','user_0mplaff6','scrypt:32768:8:1$Z1sXq531rrDtt7QR$b39641ccbc06799a3bd3d170af1d5e099008190cdfda758c457b706e0d21e7054a2af2cf3dcbe2d4e051ad74895d9de485ea6e55618fb65238211b3f72d36e83','member',0),('4770fd27-8ad7-46e7-9156-a084199d9d53','2024-08-12 08:22:51','user_uk5x43f3','scrypt:32768:8:1$myxnaAZ7AcEgGztt$f69d82efaf70cc17b489ca458eb178d07fee76ed0d5af16846b34890bafe10c19802f2817716989dcf3bd03e1804d74ff5bee6458bd27276e48839f8f0b6179f','member',0),('50dfd55d-a6c8-4651-b6a0-d04ca1e7f98e','2024-08-12 08:23:00','user_3slmpi63','scrypt:32768:8:1$BMxVFumY0Wf8FeNW$b4d886b80ab70415a6201a8efd79206a56c311cb427ac25ec2c76b1648dc598a8bdca870845157b4285b6c5677d3caaea25ca59ff50a5f5ad57411ab91a50ee4','member',0),('53191318-b646-451f-90b4-eac446d479a9','2024-08-12 08:22:56','user_70ulyjf7','scrypt:32768:8:1$DQtLSZgrJy9L3R15$fd6f3d332d17cfb9ad4365b37ca09902ab03c89fd0519461563e508e8276c83478910b7bc6098da6cb1ccbef8133db03cdabf0d170c9c9c5d9eeff7e644d1a80','member',0),('583ec9a4-0f87-4dd7-b579-b37ded0788db','2024-08-12 08:22:55','user_2vhvov2x','scrypt:32768:8:1$zuuj5bi18N5fvg89$e95f19e4184f8a620d850ab9192c1ae298160d56c2f0ebc77877d546d19127ec573ebaffc6755c565db167242604c15fc96ed2d91b6d275ff614a5ee64751f2e','member',0),('58da299b-3aad-4449-8c53-c04b73060b6c','2024-08-12 13:28:24','Dec','scrypt:32768:8:1$I6gsVhCCwTqdkuAa$42ab61de8905e8bd81122d5de77abed9a20a5bba477a29d19003d3fdf1b124923d95275dd9ff2333154438f9c2131b40489d59aab68aab1fe750d076b00a2134','member',3),('5d2e83de-3ce3-446b-a31b-f7ce04a75aa4','2024-08-12 08:22:53','user_r4rdimon','scrypt:32768:8:1$bST7hKPt81WpmF0B$02c3d56204372a245dabb257ce0fc6c9f82af78c2895aa77443df7303f97e4d5ff41d63f99dda33a392d31c475e6eff51c554447a8a572ada779243b8e506671','member',0),('5ec919a8-7c38-468f-9f39-5a1e9b52b3f1','2024-08-12 08:23:01','user_nwx2ejg7','scrypt:32768:8:1$Fcn5nGz4ZzSaZMSm$3dfa1f21f08baf9f77316e062406ad7c3cfb32016b9606da0731b70804c5aaffb692dd16eb73c64736ec5e688f646153dfe2e90c792cec744f5b1fcc86a49b38','member',0),('616b3ea9-343b-44c9-8202-5070f5d7fa0d','2024-08-12 08:22:53','user_hylzh0ca','scrypt:32768:8:1$1fesd5stl3950Vex$5ec1a41dcadc38694f003483ff4c86de32a2fc14b28defcca40594227c0884a8640881a0e3c1c5baff067166599e69d8974c356ec60f5bd296ad29b16e502507','member',0),('62982154-65cd-442e-bc55-4a4d0f0fa913','2024-08-12 08:23:00','user_i27nfwl4','scrypt:32768:8:1$YCZvc9bpbVxDhZhd$d3f4b7fbefb01e7c6c868d6c977697d0b0fc10bd2c8e5f1bd9b9e1c86f525fa503dd37139df092c7f5256a7b83ab68d1c26023f42437aba21fda7ffb65c7bf82','member',0),('633c11e8-03de-4e7f-abae-8a9b097425ef','2024-08-12 08:22:52','user_p2k3f4q2','scrypt:32768:8:1$UCUOCVcReLzwTUSk$4ee9603e41ab6547fd7a69e11eae671085cab78baea8bc6c205114209dcf12af810dff6c48db362347cabd7a409837a935a38a9f8e4964aa91ef18d105b482d5','member',0),('66e18d0a-d484-440a-b91e-4954105af3d0','2024-08-12 08:22:55','user_kg9bohzs','scrypt:32768:8:1$eb2YNHszakUSD2R0$3e3aaf68d32800de53d87c6137b3fd93c96fe216236b0254db2e20f2ebd97267e449a0e399f9720ff73b403a453b9e5f55f189ceb66a98619bc0d5aa2fec5550','member',0),('68dc3884-7993-4e37-9258-308f1532b2f4','2024-08-12 08:23:05','user_ug4tjjsb','scrypt:32768:8:1$9unM9mlFWMPCSscN$c3b9cee7f7a77e987103e13568bb59bb908bd9ba0c8c4a2781dbf821ae77898ea74ade71aa728d7637e5469c40fc3459311ddb184722e682f084bb6b4ebd4d21','member',0),('6b4b8c13-5089-40b0-90ab-f4e0db8f0069','2024-08-12 08:39:39','user_8v9gb2ps','scrypt:32768:8:1$KN6lX1X2ZqNMufi9$45ce73300c1bb802ad4a7fb6ed08e41fc1bc9b2cca21de38adae729c7fcbe7510d5de3bc24d993d2518a7c8025f113848b2bdb3571132b634b5dc60e4e16ba06','member',0),('7124885c-324f-4999-90f0-234e9d3d98f9','2024-08-12 08:23:03','user_of669gru','scrypt:32768:8:1$nZPI1ut20fU92ttY$793d0cb9dcd5d9a11dcf23181269d0afd3a2803b47ad49b12976551da4fac3073415a302a4e4935d0ac86ecb476c12633c465eb5deb4bac61de9de765ca1ce0d','member',0),('727890da-78f6-44dd-953c-78d20b8fde66','2024-08-12 08:23:02','user_bqysnp29','scrypt:32768:8:1$FRVTPDfPa1b7dZtv$7981ce07cf25f42d59824d63901db5fd022280aea6b7635892c76a561ce677d72c607f077fd79d26e45f12a1a4bd182fa2e79f1d60c26d22ee1c6c93f812b22d','member',0),('72e7e819-fff4-4778-bfb9-1b4ef92be17a','2024-08-12 08:22:59','user_srxjrm8w','scrypt:32768:8:1$Ub231jPtFihMBosJ$55358e3c2da287c249dd8bfb6d85eabf40a006cf891014eab64712c88388759999787ecc0dcbe98f4c0408608898f5204b646acc7f24dc816b295de5862ae3b2','member',0),('733fe055-ad49-4c51-90f1-66ecf4e572d1','2024-08-12 08:22:59','user_nqanqz1d','scrypt:32768:8:1$NsKfjsAjrI3sBkS8$a18c51878dcf59f12e9e101bc73f833c422f43717e0b2bc3030ec566ee5a966b1d67c14b190b4b99d22c09c6d7163372f9b44e3b7e2a52883c765ba5df9207af','member',0),('750f6400-9ed4-45fb-9aa9-f5270daf4081','2024-08-12 08:22:59','user_aqx9hlgf','scrypt:32768:8:1$gPaYmeW8YZ9xPv1t$59d4ceb6c059158f038b2ab14be33f89c810c9f8606b7c05109ff2e0766cd9f12259493ca2de2b388872d76c116f88356599869af2b06cd58b48df3c7bc8f1a2','member',0),('763d14ce-e1c9-4c29-8309-17c9e07c5103','2024-08-12 08:22:54','user_ncbxpoj0','scrypt:32768:8:1$ZclG0UGhp56h6yut$1a652b6b88b83d2e11acd8888379d5111604efcc2f1a438f993534b3024036dbaf804a9a64f4530af0288c5edcecaa1b7e1194891ba3c7dfac9b49c8341c6519','member',0),('7aee08e7-f02d-420d-bf33-422f1acd4391','2024-08-12 08:23:01','user_1vmpb3lb','scrypt:32768:8:1$BfG00Ci4KhVWl3C8$700a894f4421262fa38a99622e520ac8a7a9b720ceed7651ff0bfcc392de24f6e27e924ee88768cf661cadb130e90b1b89d6dd12eded62997c446477d76a903d','member',0),('7dc0ec78-dfab-4a84-a408-8cdc571eeb06','2024-08-12 08:23:09','user_eeiy5oj5','scrypt:32768:8:1$OsEHJGqEQWtIjQVv$e55a22a6e672d820d2565dec114c217fe955cd36ed98db1f6aaeebf96aa32387d1103e4c5e0660733754d3a29949cb7fd1c775deaf0a6be66005bb5b25e2706d','member',0),('7e7ddcb3-a4b5-4422-a2b6-03a57a50de08','2024-07-21 12:55:21','tom','scrypt:32768:8:1$Kti6SWgtQ2FQSeWu$0de069f74dc1884f046f6e191b4f3abf21479c8def66bf41f5f95f2ddbbd6d2835323234b44450d5d4c3a4b6299e9d39a7399b9ad6a60efea4b6fcc77c645f91','admin',0),('8374b41e-ee42-4003-8e9b-6ee3e053aa27','2024-08-12 08:22:57','user_p1f7alsf','scrypt:32768:8:1$ka0qWPQMDjfVdMdK$931386fc86850fd4c3e4f9f3fdea5ab42d3b60f564e051a03ebc53c01b4ec424392a497cdb6732f44a105905ef62bf299c00da6874ce627c70e1cb862f4bfb19','member',0),('85b7b907-dedb-42eb-8802-0dd079113807','2024-08-12 08:22:53','user_4jeozqy0','scrypt:32768:8:1$ZDTcFOY4F9yDLaQ5$b195a281a83970342791625821a13694848ffb82f966e5911ed1c08e93f97ff7d0dd0c04ea0accabed66944282c8be9cf8e1c4f821957cebe6b81fb0ea2a65df','member',0),('895eec8f-d6df-48b6-bdf4-33572659c618','2024-08-12 08:23:04','user_cs5iw4o0','scrypt:32768:8:1$6vU3PmzYB9uIQhqD$79b576da6b97fa4abb8cb94cfb03ed061e76b7b18f27f27dfd3e9792f6c8a22f6de2a418ecf6bdc2622554f2ea0632286b3a485d2c41347c0d1a93b7a93a120a','member',0),('8e803a5f-ec5c-4f63-baba-344f8a391a59','2024-08-12 08:23:09','user_j6y61rbf','scrypt:32768:8:1$2Nqt6KKCVbmqhn8F$83fd94bbf31d86c69e6407feb0b18d900f9c49be7ab32ac229233fe756f642bf7cfe0340806fee9427cd89eb16150a5c63dab9506fc52de6e12dce0fea83bac4','member',0),('90730295-178a-4539-8a84-a7770e837d4a','2024-08-12 08:23:07','user_o374lhgr','scrypt:32768:8:1$rJb8kgQ8v48kFIFz$3c577a4cb1bfe80fc16eebcf37cd4ce61ba52c343a1acd4af26603d61c802b9aaa693990246b17a250bfb74477036d2bde0ba9a0c4a5ca0ee51237d19268c08a','member',0),('928428a2-9ca6-43db-8211-6e9634ae7f22','2024-08-12 08:22:52','user_oqmsh91y','scrypt:32768:8:1$tz7MxfS4yQfZlaKv$738a09b77e92eba37933f04e6b6dd551c661d4e54b7bfa24e2c6309ea357d5086179ae79a4e4ba3f29ac820e04b032a058fbdb0fe7311c306322e6db86bbda34','member',0),('9332d0b1-9d5b-4a91-9fa1-5656ecfcbb4f','2024-08-12 08:23:03','user_f7154axd','scrypt:32768:8:1$gOIqLPAK3JTofa3q$d7c208f3f4ab18d994efd3d2dec40ddaf58b75b895295020cfac37123bf0b1b41954caccbd525193d1829f1bd5e44d0757772b5c52a5ed74d87c559baf5a53ad','member',0),('937e3f9f-2d7b-4308-a82f-5373bf37687a','2024-08-12 08:22:59','user_smtp257z','scrypt:32768:8:1$kndhnhgUzfTrLx4G$4ecf82509748de354049c6971ca587eff855c828530553e9e0ede149613b7b0a3ac664c6b6a79f63bcc718ce9c61cba930fa37f196b4107ca42f4525cca14398','member',0),('9707a132-a97b-47fe-b743-d6822a8d26bc','2024-08-12 08:23:01','user_cda887sz','scrypt:32768:8:1$f8OUAyYmOxQ9QZGR$e208c2c6a387ab17aeb4f23010d8bbf110a702142803dca0075b3fcfdf75e9df9c2c54f2e33365502725f5efe6b0260aca93a52ea5f3126f3b23e1c27721a85d','member',0),('9a62fa00-d784-476f-911a-e44e73c61580','2024-08-12 08:23:00','user_105vk3fp','scrypt:32768:8:1$NqQ3CYhzz9GDP4Ig$a89e6879afe42353601b2074dfa593117a4f2c10ff8c4c2555e49a3752f57c3ec26efdb8dd8347e5718e660cda831700784d17b7867ae2b5e980c98b0807e7b5','member',0),('9b246cac-6725-4733-809f-55b4511e49c7','2024-07-17 04:08:43','pit','scrypt:32768:8:1$yYGvIG1XaYU3kODw$c769da3998e077e87b148c4c48c6d8b8f10b6662b9f9b51ea62077b4f622d976ed17e86eb31915efeaf1ca57b5e83b8c534373beee8f2f98f247ba15d5036589','member',0),('9c66fca5-33d9-4d71-ac66-5a2286957dcc','2024-08-12 08:22:54','user_jaf6ihkw','scrypt:32768:8:1$JDkptkhR67HMibHE$12a11f959a04472b7fe721bdc4630763919db5c521ab9ced2c06d0ecf8ce076004f5343265f1d0fde87078698eb332fc5bb6dcb3e2ddb3a25cb1648fc94c24dd','member',0),('9f7af226-1cb2-41e2-a95b-70ddeb05b01a','2024-08-12 08:22:58','user_5z05qnz9','scrypt:32768:8:1$0MkmeDwsayRuO54K$a931ea72aa03c9daaae7a39fcc63ee887c1c5a87256e0f89a5a33395f7ec528fc8a5c3e0e83e7ca278ec708934bebe0ff8b62f3e2302bbaecdd078dc3f3ac23d','member',0),('a2d658af-076c-49a3-a41f-e15b96723f35','2024-08-12 08:22:55','user_6kwsnhax','scrypt:32768:8:1$yPuV9KaYKvbGAD83$defa65e44e93eb074eadd62c94484c92b355ef403578c0146b323d629b86d6727ef5e710219434c4253fcce2c1671da1a897629bc540cdfa6c30cd3c4e843c58','member',0),('a52cf935-836d-44a9-91da-574ec9bf0f88','2024-08-12 08:23:04','user_f5spgm9b','scrypt:32768:8:1$pkMhyw5B3qee7ear$a4db0964760d785f028215139a64682d32c12c79ad1da44aaf6a914f182f5d23a2ec8af174b42da79788bc228bdf495ce82815c16c7949dadc4aec7ccbd010ad','member',0),('a9e78b43-cf31-4b07-908b-8595c7000392','2024-08-12 08:23:00','user_o1kbmkp8','scrypt:32768:8:1$3IXio3BWPOthfgkP$0a109dc58b4a4c8dd54e56a1fbaebb4246229cecf45c46151379a5f866b05f7028d64ec40c2689b29f0e9e2221fb6d3907c5ff925d03bcab06edb7de400cedcc','member',0),('aa7df051-faf2-46a7-97fe-cd10e2e5eb64','2024-08-12 08:22:52','user_n5qayiz9','scrypt:32768:8:1$YJUOYaLRKh2Nx87x$7156688d4cf593d07137ca03da1a6fb68e040cc7493b2bf2a87cf61dbdf0ca6a8c2c4db8d062124fc42a82795baf3702412dc07e86ff469d464f71c39b4b791b','member',0),('b13feb85-c379-43f1-8092-9f27962aa260','2024-08-12 08:23:02','user_xjf507wg','scrypt:32768:8:1$yYDQEIn37NKTUfl2$fb6aabcddfd0191e54ccfbdfc246d2a08cdfae93cd8dfbbfc34f51bfa91795db7bebf3ee5629af16a1938aa621af0236ec8afdbd31693a8cf6bc156e6a54f645','member',0),('b18f38d8-ba5b-46cf-b454-7def1e04880d','2024-08-12 08:23:05','user_ypjtxwoc','scrypt:32768:8:1$AcLhXy3UK8uuPxG5$391344e605fdc58f33dc4c56bcabde2a41068f108de3ac2c391cf61d90c894a978fc6164aa3f51e97fc38727897f070a9291114625895a6f811a9c7c89ead004','member',0),('b1930dd5-8ca4-4de3-b4df-7eac0530fd17','2024-08-12 08:22:51','user_blchovwj','scrypt:32768:8:1$PVq5TcokGMXeVbxh$b2125e1a1c6fd1150910982ad70965748f85844c859296580aba2e02792a55e0d3d07e125d2785932cef40d6e6a2a3b787a3faab230767bca8be158b8d62f701','member',0),('b1c902a0-b274-46f0-a169-d9c70fdf1488','2024-08-12 08:22:55','user_25twnzsj','scrypt:32768:8:1$1W4pUgfj9r364yBS$b21d52968693105c3a9b4f7275e5f4538458e28611c431c263ed91020c8621b5192de9c956fa0b33d93f911933eb8c423528f5beafd65c88bbff106f3633cec2','member',0),('b26f89b5-4edc-4075-b9e5-3ac16a60aadc','2024-08-12 08:23:07','user_n8ljh75r','scrypt:32768:8:1$p3wzsiqu81FsagOv$5791218ca8d92532100d2faf1dc6ce36d0ca449a1dd269bdc7341baa12c7d7b13d85fa398fb35348af5359844ecd6b67903d2a8d3815ad19cdeda1753280c097','member',0),('b2ce20ff-34dd-485b-a1f2-e820f61564b2','2024-08-12 08:22:52','user_0o6t7je1','scrypt:32768:8:1$YGC2lDhue5aIoorf$3984d227d0b3c8539a7ac714302c646825b291a050804a531c961b8ace7c5f8a009aaad1210a9cf5e8ed4b2a81585fb0df162d7509ece30c0091dda9db1c8800','member',0),('b4403e72-0ef5-457a-acb7-83c0a0043b5f','2024-08-12 08:22:57','user_a0maiy1c','scrypt:32768:8:1$R9dNWDHxJObOtivP$d747011c86a7d0dae36d6c0e21d85b06b60a31ca2d24d84b96ee043983dba3818f5e432560c0339d28f17a7c95a5212c61acabe352804be56f0778ebf1fd1e93','member',0),('b4d7b788-31f0-4548-9571-b7ef1450e6d1','2024-08-12 08:23:09','user_phsbp5mq','scrypt:32768:8:1$17Z4eIxN9RMq7lAf$38385a85931775d9bebf82faeff7297359d9f4e15a7c1f48a51902a4f61179f0bf4f375e8849aad82829aa82e6c63bee9a0519469c775204709d9fc5a638f64a','member',0),('b8a077a5-e938-4411-98c3-16e3349572a1','2024-08-12 08:23:07','user_9ptg37zb','scrypt:32768:8:1$nbsOiW1sSWgtcpID$8d1e642336e518267c7437bf457f6170a2942c773563da5dfefa9dc5a776aed593309cc5b9b0c171d8b9668ad6cf4cfb070df3383aac8b9277cce4a442915b0a','member',0),('b8e76ca6-3b56-413b-b906-7e764ee0a0a7','2024-08-12 13:28:24','user_6gkn4ns6','scrypt:32768:8:1$576tOrm4vJEPBfLa$6c8ddb4ea104e8e5a726b6ca278ebe6668380f606b529afa3ea88d49bc6add29270781c175f5eb1dd28dba5db92112680002875c3d6376e63ef2c1f7bd65c9c4','member',0),('b92d9866-e483-48e5-951b-5b2d9f55da6a','2024-08-12 08:22:56','user_5zs5ilhz','scrypt:32768:8:1$XDFDTvRbX4eOxjnM$d2ef07771fd77e551537502149661acaafdbd4376ddf1c4425bfbcc8db94aab45ed125e7485f3a9c2430f215472f2340230e52504c25a2bdf711e99f4da84b7e','member',0),('bc31b255-a8f4-4870-b85c-47341eee88b4','2024-08-12 08:23:08','user_tczyhegw','scrypt:32768:8:1$emEHIkWdfmXjuZiP$18648c0d74f29a0d669ed40513b2cb91744ecc4d9d3b2401d141f60cf2f9cd9315ed09163a883eeb51f8162edcdb5a3d867e6b3286d4fa2fa6a95145777e6c3f','member',0),('bc3a36f4-1fa4-4857-ab86-c0331376f852','2024-07-11 15:50:49','gee','scrypt:32768:8:1$iuEpvHoCsRRoFefS$e80ac1ec49b05ac1b6c2fc54da12f57c5257d9e2328d447e90ed60641b786fd8b4c73026ceafa34afd2385e201b7fceaf58959da609b19f7819c0f946c05ff31','member',186),('bc8b7b35-495f-4f1f-af30-46b654391631','2024-08-12 08:22:58','user_quscltuf','scrypt:32768:8:1$V5r4271rE8Rw3Ycm$b5d1d8845c14cdf20965a8ee90e40e6acfe3f11e6b305cf2bbd4addb83ca7ad77ee8ffe88f82a842cbbe9c10f138139512ce004d915f2820cd47200a6cca436d','member',0),('bea99de4-e878-4ff5-9c46-dfa791074813','2024-08-12 13:11:03','Decathlon','scrypt:32768:8:1$6oh05Acsjo1ldRiD$d8414583aaefcec079b0962d08f96d0572485293394bdf3071d33026e97e9205065f7202926c4ae81cffefcf3f6c4ae86a59a20b8b2c88530fa7372db0207e96','member',0),('c2009057-8a2a-4f91-9ea8-3699a2649d53','2024-08-12 08:23:04','user_r1ixgesx','scrypt:32768:8:1$AVePal3DFeQDLZM2$12fd682c579b2cd0f2f641b78b90e48930e3aeb49807ce6046cfbae84110b0664a777a2c60e9828fd87457bf37bccb1b60b477d4fabfa5280808eef15c2373d4','member',0),('c299c40b-3dbe-4dcd-8198-83bfae0a0d1c','2024-08-12 08:23:09','user_x9jigyl2','scrypt:32768:8:1$HLYPmawvwqNaP3lN$ed27cd187be5c9cb7590e58ca3565a8a9767f6d19d5864682fbe03b4554e934596e3919d57d997943b2b5d4802cedd8d6eb21223990a93fb004e2be11b145e44','member',0),('c2bcd579-dbe9-4b77-9934-8cd1ef604e5c','2024-08-13 19:19:27','user_gz1szeoy','scrypt:32768:8:1$BSSVfixvVMz1TJkm$74b08d70fe588b7b02306072b9cae2d27b4b4a2551d2d7f429b06e591e0b0cf5c5067f2784dc907ba0bd05f3879b6cccf12235623b8e6c344feaa5eb3dc41572','member',0),('c2da9e03-d8ea-4114-86f4-984a29c80509','2024-08-13 14:39:35','Pinnacolada','scrypt:32768:8:1$X9yZPqgoKYthWRq4$2b7e1a32fd24f46514c036c568d454084c3db2f2c56af64a2ada0c29ef1fe28fec329555a363e9464dc4ccabef84fc3a970c8234d26f840e956e7d8299ca45cf','member',19),('c6207905-0297-4940-a5bd-329437f90961','2024-08-12 08:22:57','user_r1szc34f','scrypt:32768:8:1$qatrc21YGdm2dMLK$af4b2182a904f19b0547a02bb932445bb94f4bd23c53db7897a0583e25a18aa51410128e92bbd4a3ba1e66f773850414792a1bc9813eee3be0668648b5e480ca','member',0),('c65b6a1b-6729-4839-8d88-f8bb03448d09','2024-08-12 08:39:39','user_9n7d2cdh','scrypt:32768:8:1$ACKEf2or4GkNlYtq$abb3bd107b346c6dbc96d464386d96644b4763c5b17a76f3f0fae12335c1a3262f8eb95926f42ce1b44f4dd9416d9ea1f7773f895aa640caa53e3fa8698230ce','member',0),('ca6f0b9e-ed61-42b2-8d66-ab5ed3618bf9','2024-08-12 08:22:59','user_bnl0i0n4','scrypt:32768:8:1$KSIEqV9bRsTJabGd$6aafec1c2e3b1ea37e3afc0ebaac21261b0fdb93df3027796113ff9308c3dda0057565ce89ecf56973bb2cf10eede178e45f5e24e2e4e3809fd0a669ed577d46','member',0),('cdee7283-4c7e-48da-88ae-1405c52e490f','2024-08-12 08:23:10','user_c2j80naz','scrypt:32768:8:1$D09wJ5T9BVjmFA3g$4c50fc42fc4a4d6bd87f1cd65fb4d86ed9b14f9e5e1870e0e1b2b2df420de6aa6d86382ca60dddaab1c52443698a8876ce28baae34cc7a77c1dfe306008d64cf','member',0),('d0620524-6708-4111-b0d0-26d44040128c','2024-08-12 08:22:54','user_a4qunxod','scrypt:32768:8:1$CYko112zIzKJFnOY$3d0321e1e985fc68a1354e03738728d6595db5f5c0f897fe0961c2ad3abec2facae133aa8c884e0c246cd78a012febd0c9bf45f443ee4bf49f4148fd077597b6','member',0),('d0d80ef3-30ed-45fa-9592-2e9089673512','2024-08-12 08:22:53','user_hbu8ae2x','scrypt:32768:8:1$XwGOeBY35twzgzSa$d650a1e02449ec6cef933d4313f05248c51e0491ee1ee4995e10cd44564112b1ac4a2afda6022d6e436bbe2be6b6098aa23c50e62a3995918a6a4e3067502bc8','member',0),('d1508dc2-e86c-47be-b231-5e86c4ac1757','2024-08-12 08:23:06','user_kl7zmi5f','scrypt:32768:8:1$A650Nzz8YEII24sa$cc560acd74e8707dd585351e1edc6e341ff5f8d8b124bf43e8eb88f638050ac2e945b61b4a3976520b3383b9e0f57b1ce9a02b0061481cd01aef45b8e2daaa2c','member',0),('d3c6af36-f072-40d5-899a-6b86dacfbae4','2024-07-17 04:05:30','mark','scrypt:32768:8:1$vCA7lnjLkBJ2RgOD$697ef34341ffd9e035e7e6316171029f2e441b04b7e5334dea2e7a871a892f91f4faf4d2dedb5a2ff8592a64b64ea552d3138fdb14145e13e701537834bd93c4','member',1),('d4acfda9-e55d-4978-8533-806d80086506','2024-08-12 08:23:08','user_2t651l85','scrypt:32768:8:1$0lyqRvpXslLSgyUX$2073033e09d824913277ed208048825579d95dd11ed9d813936906e370f302832b078b25ed2b6aaaf9c9f103424f20c9848b71a1662ca6807aa7f145dbb4d72b','member',0),('d5920bd9-0248-4884-af42-eb3b0f3b90ac','2024-08-12 08:23:06','user_3rueweq7','scrypt:32768:8:1$mTLJ8kfQwEMvxjcL$7f72205d0e9480c53b4a6f55567677b70781d9258db313fe678d6d347aebbbfcc16e24d5eb93fcbed87351154edc932ddc6f8dc4a38aee5444cc2174a01f53c1','member',0),('d64477db-07bb-4f95-8e6f-363ec094f96e','2024-08-12 08:22:54','user_ve66175h','scrypt:32768:8:1$y4uD6ioTGwMnpdWv$18ed301047fa45e05954087843dbe0698a49637d95f00bd62e94514967130ef9041370bf43f49743b9c56814108c70e4cc2705d01da94f60987e4f942cd566d8','member',0),('d8b2148c-d4b5-4ca8-a171-96b446843b31','2024-08-12 08:23:06','user_emgdds4f','scrypt:32768:8:1$hknWwJLot7uWjaGy$2c10a8d4cb2d0ae9c835f7afd485f2ef5b995c54fb7c40707836b4d02a800f3edb9c12a62d39824e9e8070db5c3faa3234a6902325111654b8eadb09403975f0','member',0),('dd75f6bb-e15f-45af-b7db-3e410a33a56a','2024-08-12 08:22:52','user_nx4wlhk2','scrypt:32768:8:1$QUKVqjwdY2SDZiyr$a1d9b1e4da6d3956d658c4e3374a733f71ae33e0d2e71fe0c1a1956d8f83bfb9248cf0acbe6ea8976a1a166c336221531be33de692eda5eca4d0674e1fedba0c','member',0),('deb24aa6-e134-429a-a37f-b6cf59c71766','2024-08-13 19:19:28','anunaki','scrypt:32768:8:1$hc0WDoLcZk5mokJJ$b7a6945270e951fcfe7a43ac86d9068b5830a3358d39f75b1b75c7fa7048fb404638ee0994e182d3308b4b3a458163fb57818a91154ad5235646d5ad40c7b66c','member',3),('e7add7e1-b5fb-48d0-a8f1-c5e2a22b1984','2024-08-12 08:23:09','user_z7pazty2','scrypt:32768:8:1$KbGrAZPBGpEJMn1F$08ff42baa84bb57a24abc6db5d1efaae3b62362616397b4bd28b70e92470030a7796cbcbb208195ff0ea131a1da94d3acec55df4161e325d385ef13d2cb22aed','member',0),('e81d5ed5-e8e9-488e-986f-5c9c9a253b47','2024-07-17 04:08:13','joe','scrypt:32768:8:1$eOcQGj3erCf7BWJr$fc2d03c4ea5b3797690cb43e941342b2721f4b865dc185489b8db693bdbff2e29c843c68c3da1407c854b10b54e4af03412537d04e4847c874f6a82a5d321994','member',1),('e9362ddf-1005-4dda-bf8e-854a6c345498','2024-08-12 08:23:08','user_uz35qovh','scrypt:32768:8:1$6kuSqRvS3htJr9AQ$2514f15f7d7406a2e6acc22af043a5e54ad86d2431199e49d8d2d7e3e8aea7e5db7e147fef0b9e417196ea2393c4b66d07711fc125aea0ba14c3ac001860cb0b','member',0),('ea0d3414-77f2-41ba-8ddc-33b902d49ae0','2024-08-12 08:41:51','user_inzcldld','scrypt:32768:8:1$NCXNYh0ETv6kSRQy$5d6b73fe072003de7be5c09b4c0d208699c2da5805bcc4aa6a758438803f113356ee0fadaf71a4169fa2cd3ec3fb8bd74a56ef7e9f651cd8b7e07c7632186d67','member',0),('ea62d7ea-c784-4158-90b7-126b44c6ed52','2024-07-17 04:06:19','muga','scrypt:32768:8:1$5T55hBXtj0jf9Wm7$b069ea1dceaf87d868588918c6e157895628355f2612b4ad1d5a7dce8e1f59e121f8e62d6fd7c6b6aed0bd2a0ccf9dbfbf613f139d4a56ee380a6898841f062d','member',8),('ee48ef2a-1b0b-4291-8be2-7b64ad2c8a1c','2024-08-12 08:23:04','user_grcywhup','scrypt:32768:8:1$APNJ0pomW5K7QTUc$fa004305c59b38fd2c0f67af5776f3f96b997e9beebe2f94fe46791766841ebe359fd529389f40542fd99cbc10ac76df238f78555a670281d27c10c9af3bc732','member',0),('efbea138-a9d3-419c-9f12-bb1560d0f1ef','2024-08-12 08:22:56','user_nvzc7gaf','scrypt:32768:8:1$5u1C8eLdXCDPm9Ef$5a5e0a61a99896941f98319fcc8e09e66b2d90204b6154b549715393d80d91b166d67d6fd7b28f7e2490cc90b453d9f14122b3cd46a529396ea645ee48300a2e','member',0),('f00bfe4b-e947-4d62-9016-8960bf698744','2024-08-12 08:23:07','user_5161tfvj','scrypt:32768:8:1$fGkwnyOHdSVxgD29$5259fcce7abfaefc7377fdb927a15163a3c504bde371a124c1b34eeeaefbf02ae1975503e735c21d309714a58ed1ceb575514a85eabc714d81cb5af7aaeb4db1','member',0),('f0e8ad47-ff04-44d2-a22f-88bea10a9796','2024-08-12 08:23:03','user_867i8rmf','scrypt:32768:8:1$BCBbRSAP49visJUO$ea59b26928da269581b654cb98bf5db1fe6e2642031161487c0a0eaee7570e8aa099e54a550197d24901b6b6662c23623ed06f779d196ef162e006a282dd3f3c','member',0),('f2fec3d4-0d46-4452-87aa-40671da2ec45','2024-08-12 08:23:08','user_hedx09rc','scrypt:32768:8:1$PlbPqzkTlHQbabd9$b6a8425277255ebba196d816593a0ebf8a13c0e8cdfcadc7532adf606ca4e4b94ad48d726643e7e4a8901ea75c5f02a6b39a38608105702bfb7f764e60f12a8c','member',0),('f39ae6be-6eba-4fc1-acca-9c8a5dfd8420','2024-08-12 08:22:55','user_ror2hayv','scrypt:32768:8:1$fRdN2Qsd0argEw6p$935af80c5bd2a9dc3a373d68d5a6482b0ba635bd7633fc2e740e01b4fd8a15196a266554258cd53d3806dda10ded9269218039237d4acdfc81ecb16a1f37e287','member',0),('f537269b-a026-42e6-baa7-273ceb75421a','2024-08-12 08:22:53','user_8ud16zs5','scrypt:32768:8:1$IdbIhJnhlRsO1agj$17750373cc63707eb0915a947c1c0484f51f41997746ae11f9cf7ed66d218fd14c8987614ae46513691b92561354d2253740aae72715b3ceea90f2092bf6f386','member',0),('f6a8c0d6-fd83-4fa1-bd53-ba144d9965a0','2024-08-12 08:23:03','user_y8b9gtfg','scrypt:32768:8:1$YR4gQEM96AUWdq9C$b6074e22c197e1e064efd70f6b38f757d79bd3f3e137cec09d9f2e8daee3093b99b7dc9900d20574cc2f87545a3a4e7c27e05b12f053693efd9969d7ced78c48','member',0),('f6e27ac4-5634-448f-b70f-495cd2cb574b','2024-08-12 08:23:06','user_xy5kwfed','scrypt:32768:8:1$8xpyDTIVvu7OHZXA$eb8b6c02e44b39da57952eacc6f09469528c64d68b735484492eb51a72da533758055729d2001ae96d75e54bf52a8bd6179bfb87c348acd615f1a9ccede34a78','member',0),('f6f2aa39-cd3b-4240-bd1d-879f941d2667','2024-08-12 08:23:02','user_e2kte7wz','scrypt:32768:8:1$g5jIcQyku7khmj3x$ea11ca5fdc6fafa15030f6e9e09d9b420a8ec9cc56e2f9afff220a6cd6d733fd4ccc4f94a75681b60c91553d55ac534566a32889eccbc76116d4a55803b7bf00','member',0),('f9fb83e9-d479-4796-9c04-b5d1e9efae77','2024-08-12 08:23:05','user_rj7g30dn','scrypt:32768:8:1$mRPgdAMJ7AmOTcK6$e072f07426412781ab47e25e636c835f3447b3dcaf51d4da9cce2f292ff1d0fd96d6684b8e2ba6e5a05f5422fe0d67c91d7d2a3431b4ee8ca8737fe6f15b5f00','member',0),('fabb246c-56d0-45f0-844f-5a92da649833','2024-08-12 08:22:57','user_1glrxxo9','scrypt:32768:8:1$0NrebDCc2VFf4b62$0b61adeb07e230765218011264a66b111bbb5dec0f8f9559c756639c4784e8000f301ff014c5500cd95652b771953e27163f26e101057dbcbb9cbd927f1373f8','member',0),('fbd8b90b-87de-4dbd-b6ce-cd28cddae523','2024-08-12 08:22:53','user_kj3nblza','scrypt:32768:8:1$t2jyabfJOtAW7FKT$cdac2930982bfe0ec026ee1c8df761f1f59d7fbb15dab52dfa598188cedc7a562311ecbc4a7878ae3bf831b6d88bd3a0334647efeb16fa06dcbc2e6fff719c94','member',0),('fc957fec-f975-48cc-89ee-1232c38a557e','2024-08-12 08:22:51','user_4j3fynfm','scrypt:32768:8:1$TyR39CwrFFmVl0jz$dd0df47b93ec018709ed6b59d5fe58e2dbccf50703926d3cc3d637294c6cdc1ec32c4312179842b3d0fc9a81296577b903af41b1f2c36780e717e87bb39222ca','member',0);
/*!40000 ALTER TABLE `users` ENABLE KEYS */;
UNLOCK TABLES;
/*!40103 SET TIME_ZONE=@OLD_TIME_ZONE */;

/*!40101 SET SQL_MODE=@OLD_SQL_MODE */;
/*!40014 SET FOREIGN_KEY_CHECKS=@OLD_FOREIGN_KEY_CHECKS */;
/*!40014 SET UNIQUE_CHECKS=@OLD_UNIQUE_CHECKS */;
/*!40101 SET CHARACTER_SET_CLIENT=@OLD_CHARACTER_SET_CLIENT */;
/*!40101 SET CHARACTER_SET_RESULTS=@OLD_CHARACTER_SET_RESULTS */;
/*!40101 SET COLLATION_CONNECTION=@OLD_COLLATION_CONNECTION */;
/*!40111 SET SQL_NOTES=@OLD_SQL_NOTES */;

-- Dump completed on 2024-08-14  0:07:49
